<?xml version="1.0" encoding="UTF-8" standalone="yes"?>
<addon id="plugin.video.AsylumMorningstar.matrix" name="[B][COLOR white]Asylum[/COLOR][/B] [B][COLOR red]Morningstar[/COLOR][/B]" version="1.0.0+matrix.1" provider-name="Luk Morningstar"> 
<requires>
    <import addon="xbmc.python" version="3.0.0"/>
    <import addon="script.module.requests"/>
    <import addon="script.module.simplejson"/>
	<import addon="script.module.kodi-six" />
</requires>  
<extension point="xbmc.python.pluginsource" library="default.py">
	<provides>video</provides>
</extension>   
<extension point="xbmc.addon.metadata">
	<summary lang="en">[B][COLOR white]Asylum[/COLOR][/B] [B][COLOR red]Morningstar[/COLOR][/B] - [B]Seja Bem Vindo[/B]</summary>
	<summary lang="pt">[B][COLOR white]Asylum[/COLOR][/B] [B][COLOR red]Morningstar[/COLOR][/B] - [B]Seja Bem Vindo[/B]o</summary>
	<description lang="en">Addon destinados aos amantes de filmes de Terror, se você tem o sangue fraco, seu lugar não é aqui!! kkk</description>
	<description lang="pt">Entre Curta e Trema de Medo com o nosso acervo...</description>
    <disclaimer lang="en">The author is in no way affiliated with Kodi, Team Kodi or the XBMC Foundation. This is a non-profit resource.</disclaimer>
	<disclaimer lang="pt">O autor não é de forma alguma afiliado ao Kodi, Team Kodi ou a XBMC Foundation. Este é um recurso sem fins lucrativos.</disclaimer>
    <platform>all</platform>
	<assets>
       <icon>icon.png</icon>
       <fanart>fanart.jpg</fanart>
    </assets>
	<news>
v1.0.0.matrix.1
- Asylum Morningstar
	</news>
</extension>
</addon>